<?xml version="1.0" encoding="utf-8" ?>
<dwsync>
<file name="bootstrap-theme.css" server="assets2.ashburn.edealertools.com" local="130928852600000000" remote="132745560000000000" Dst="2" />
<file name="bootstrap-theme.css.map" server="assets2.ashburn.edealertools.com" local="130928852600000000" remote="132745560000000000" Dst="2" />
<file name="bootstrap-theme.min.css" server="assets2.ashburn.edealertools.com" local="130928852600000000" remote="132745560000000000" Dst="2" />
<file name="bootstrap-theme.min.css.map" server="assets2.ashburn.edealertools.com" local="130928852600000000" remote="132745560000000000" Dst="2" />
<file name="bootstrap.css" server="assets2.ashburn.edealertools.com" local="130928852600000000" remote="132745560000000000" Dst="2" />
<file name="bootstrap.css.map" server="assets2.ashburn.edealertools.com" local="130928852600000000" remote="132745560000000000" Dst="2" />
<file name="bootstrap.min.css" server="assets2.ashburn.edealertools.com" local="130928852600000000" remote="132745560000000000" Dst="2" />
<file name="bootstrap.min.css.map" server="assets2.ashburn.edealertools.com" local="130928852600000000" remote="132745560000000000" Dst="2" />
</dwsync>